test_id,kappa,theta,sigma,rho,M,dt,method,time_ms,price
1,7.261305,0.267984,0.758642,-0.700000,1000,0.001000,Euler,2.905,0.191147
2,7.261305,0.267984,0.758642,-0.700000,1000,0.001000,Almost Exact,32.778,0.193000
3,7.261305,0.267984,0.758642,-0.700000,30,0.033333,Euler,0.372,0.191740
4,7.261305,0.267984,0.758642,-0.700000,30,0.033333,Almost Exact,1.029,0.196241
5,7.261305,0.267984,0.758642,-0.300000,1000,0.001000,Euler,3.581,0.193374
6,7.261305,0.267984,0.758642,-0.300000,1000,0.001000,Almost Exact,33.170,0.191007
7,7.261305,0.267984,0.758642,-0.300000,30,0.033333,Euler,0.418,0.192780
8,7.261305,0.267984,0.758642,-0.300000,30,0.033333,Almost Exact,1.110,0.197308
9,7.261305,0.267984,0.758642,0.000000,1000,0.001000,Euler,3.564,0.194333
10,7.261305,0.267984,0.758642,0.000000,1000,0.001000,Almost Exact,33.318,0.193897
11,7.261305,0.267984,0.758642,0.000000,30,0.033333,Euler,0.962,0.195345
12,7.261305,0.267984,0.758642,0.000000,30,0.033333,Almost Exact,1.408,0.192283
13,7.261305,0.267984,0.758642,0.300000,1000,0.001000,Euler,2.931,0.195955
14,7.261305,0.267984,0.758642,0.300000,1000,0.001000,Almost Exact,32.460,0.195333
15,7.261305,0.267984,0.758642,0.300000,30,0.033333,Euler,1.051,0.196447
16,7.261305,0.267984,0.758642,0.300000,30,0.033333,Almost Exact,1.199,0.184710
17,7.261305,0.267984,0.758642,0.700000,1000,0.001000,Euler,2.848,0.196390
18,7.261305,0.267984,0.758642,0.700000,1000,0.001000,Almost Exact,33.884,0.206432
19,7.261305,0.267984,0.758642,0.700000,30,0.033333,Euler,0.381,0.198982
20,7.261305,0.267984,0.758642,0.700000,30,0.033333,Almost Exact,1.158,0.179795
21,4.760671,0.403714,0.221531,-0.700000,1000,0.001000,Euler,3.209,0.225544
22,4.760671,0.403714,0.221531,-0.700000,1000,0.001000,Almost Exact,17.981,0.228349
23,4.760671,0.403714,0.221531,-0.700000,30,0.033333,Euler,0.370,0.228336
24,4.760671,0.403714,0.221531,-0.700000,30,0.033333,Almost Exact,1.327,0.271144
25,4.760671,0.403714,0.221531,-0.300000,1000,0.001000,Euler,3.231,0.229950
26,4.760671,0.403714,0.221531,-0.300000,1000,0.001000,Almost Exact,17.618,0.228556
27,4.760671,0.403714,0.221531,-0.300000,30,0.033333,Euler,0.634,0.229474
28,4.760671,0.403714,0.221531,-0.300000,30,0.033333,Almost Exact,0.909,0.251726
29,4.760671,0.403714,0.221531,0.000000,1000,0.001000,Euler,3.203,0.229774
30,4.760671,0.403714,0.221531,0.000000,1000,0.001000,Almost Exact,17.996,0.230470
31,4.760671,0.403714,0.221531,0.000000,30,0.033333,Euler,0.322,0.229749
32,4.760671,0.403714,0.221531,0.000000,30,0.033333,Almost Exact,0.872,0.225742
33,4.760671,0.403714,0.221531,0.300000,1000,0.001000,Euler,3.127,0.228902
34,4.760671,0.403714,0.221531,0.300000,1000,0.001000,Almost Exact,17.297,0.231144
35,4.760671,0.403714,0.221531,0.300000,30,0.033333,Euler,0.363,0.231410
36,4.760671,0.403714,0.221531,0.300000,30,0.033333,Almost Exact,0.873,0.206797
37,4.760671,0.403714,0.221531,0.700000,1000,0.001000,Euler,3.561,0.230188
38,4.760671,0.403714,0.221531,0.700000,1000,0.001000,Almost Exact,17.818,0.229968
39,4.760671,0.403714,0.221531,0.700000,30,0.033333,Euler,0.324,0.230470
40,4.760671,0.403714,0.221531,0.700000,30,0.033333,Almost Exact,0.729,0.185051
41,1.891848,0.415215,0.159797,-0.700000,1000,0.001000,Euler,3.582,0.204647
42,1.891848,0.415215,0.159797,-0.700000,1000,0.001000,Almost Exact,17.635,0.205838
43,1.891848,0.415215,0.159797,-0.700000,30,0.033333,Euler,0.325,0.205110
44,1.891848,0.415215,0.159797,-0.700000,30,0.033333,Almost Exact,0.734,0.224469
45,1.891848,0.415215,0.159797,-0.300000,1000,0.001000,Euler,3.573,0.206423
46,1.891848,0.415215,0.159797,-0.300000,1000,0.001000,Almost Exact,17.673,0.205354
47,1.891848,0.415215,0.159797,-0.300000,30,0.033333,Euler,0.327,0.205086
48,1.891848,0.415215,0.159797,-0.300000,30,0.033333,Almost Exact,0.735,0.214129
49,1.891848,0.415215,0.159797,0.000000,1000,0.001000,Euler,3.573,0.205516
50,1.891848,0.415215,0.159797,0.000000,1000,0.001000,Almost Exact,17.655,0.206665
51,1.891848,0.415215,0.159797,0.000000,30,0.033333,Euler,0.325,0.207037
52,1.891848,0.415215,0.159797,0.000000,30,0.033333,Almost Exact,0.733,0.201463
53,1.891848,0.415215,0.159797,0.300000,1000,0.001000,Euler,3.585,0.206946
54,1.891848,0.415215,0.159797,0.300000,1000,0.001000,Almost Exact,17.675,0.205589
55,1.891848,0.415215,0.159797,0.300000,30,0.033333,Euler,0.327,0.205718
56,1.891848,0.415215,0.159797,0.300000,30,0.033333,Almost Exact,0.734,0.195793
57,1.891848,0.415215,0.159797,0.700000,1000,0.001000,Euler,3.573,0.207732
58,1.891848,0.415215,0.159797,0.700000,1000,0.001000,Almost Exact,17.662,0.205357
59,1.891848,0.415215,0.159797,0.700000,30,0.033333,Euler,0.325,0.207665
60,1.891848,0.415215,0.159797,0.700000,30,0.033333,Almost Exact,0.728,0.185288
61,5.549274,0.275170,0.729935,-0.700000,1000,0.001000,Euler,3.576,0.188689
62,5.549274,0.275170,0.729935,-0.700000,1000,0.001000,Almost Exact,33.600,0.184254
63,5.549274,0.275170,0.729935,-0.700000,30,0.033333,Euler,0.690,0.189020
64,5.549274,0.275170,0.729935,-0.700000,30,0.033333,Almost Exact,1.386,0.201995
65,5.549274,0.275170,0.729935,-0.300000,1000,0.001000,Euler,3.275,0.192302
66,5.549274,0.275170,0.729935,-0.300000,1000,0.001000,Almost Exact,33.575,0.194919
67,5.549274,0.275170,0.729935,-0.300000,30,0.033333,Euler,0.729,0.192745
68,5.549274,0.275170,0.729935,-0.300000,30,0.033333,Almost Exact,1.482,0.191905
69,5.549274,0.275170,0.729935,0.000000,1000,0.001000,Euler,3.269,0.192895
70,5.549274,0.275170,0.729935,0.000000,1000,0.001000,Almost Exact,31.867,0.193544
71,5.549274,0.275170,0.729935,0.000000,30,0.033333,Euler,0.731,0.195501
72,5.549274,0.275170,0.729935,0.000000,30,0.033333,Almost Exact,1.247,0.192908
73,5.549274,0.275170,0.729935,0.300000,1000,0.001000,Euler,3.202,0.195683
74,5.549274,0.275170,0.729935,0.300000,1000,0.001000,Almost Exact,32.258,0.200330
75,5.549274,0.275170,0.729935,0.300000,30,0.033333,Euler,0.333,0.194608
76,5.549274,0.275170,0.729935,0.300000,30,0.033333,Almost Exact,1.205,0.190292
77,5.549274,0.275170,0.729935,0.700000,1000,0.001000,Euler,3.507,0.196295
78,5.549274,0.275170,0.729935,0.700000,1000,0.001000,Almost Exact,33.672,0.201845
79,5.549274,0.275170,0.729935,0.700000,30,0.033333,Euler,0.095,0.200351
80,5.549274,0.275170,0.729935,0.700000,30,0.033333,Almost Exact,0.976,0.184369
81,5.606582,0.264245,0.938836,-0.700000,1000,0.001000,Euler,3.583,0.184116
82,5.606582,0.264245,0.938836,-0.700000,1000,0.001000,Almost Exact,37.124,0.179447
83,5.606582,0.264245,0.938836,-0.700000,30,0.033333,Euler,0.599,0.186380
84,5.606582,0.264245,0.938836,-0.700000,30,0.033333,Almost Exact,1.355,0.193723
85,5.606582,0.264245,0.938836,-0.300000,1000,0.001000,Euler,2.924,0.187860
86,5.606582,0.264245,0.938836,-0.300000,1000,0.001000,Almost Exact,35.890,0.184679
87,5.606582,0.264245,0.938836,-0.300000,30,0.033333,Euler,0.341,0.187443
88,5.606582,0.264245,0.938836,-0.300000,30,0.033333,Almost Exact,0.939,0.188968
89,5.606582,0.264245,0.938836,0.000000,1000,0.001000,Euler,2.771,0.190283
90,5.606582,0.264245,0.938836,0.000000,1000,0.001000,Almost Exact,35.752,0.189998
91,5.606582,0.264245,0.938836,0.000000,30,0.033333,Euler,0.699,0.190169
92,5.606582,0.264245,0.938836,0.000000,30,0.033333,Almost Exact,1.174,0.187847
93,5.606582,0.264245,0.938836,0.300000,1000,0.001000,Euler,2.901,0.190608
94,5.606582,0.264245,0.938836,0.300000,1000,0.001000,Almost Exact,35.835,0.193832
95,5.606582,0.264245,0.938836,0.300000,30,0.033333,Euler,0.237,0.192807
96,5.606582,0.264245,0.938836,0.300000,30,0.033333,Almost Exact,0.758,0.189524
97,5.606582,0.264245,0.938836,0.700000,1000,0.001000,Euler,3.224,0.194102
98,5.606582,0.264245,0.938836,0.700000,1000,0.001000,Almost Exact,35.577,0.195421
99,5.606582,0.264245,0.938836,0.700000,30,0.033333,Euler,0.324,0.195141
100,5.606582,0.264245,0.938836,0.700000,30,0.033333,Almost Exact,0.764,0.186207
101,8.022699,0.296755,0.435759,-0.700000,1000,0.001000,Euler,3.250,0.203433
102,8.022699,0.296755,0.435759,-0.700000,1000,0.001000,Almost Exact,37.894,0.186041
103,8.022699,0.296755,0.435759,-0.700000,30,0.033333,Euler,0.266,0.203297
104,8.022699,0.296755,0.435759,-0.700000,30,0.033333,Almost Exact,1.654,0.232392
105,8.022699,0.296755,0.435759,-0.300000,1000,0.001000,Euler,3.218,0.203425
106,8.022699,0.296755,0.435759,-0.300000,1000,0.001000,Almost Exact,37.950,0.195343
107,8.022699,0.296755,0.435759,-0.300000,30,0.033333,Euler,0.221,0.205133
108,8.022699,0.296755,0.435759,-0.300000,30,0.033333,Almost Exact,1.522,0.214486
109,8.022699,0.296755,0.435759,0.000000,1000,0.001000,Euler,3.210,0.205880
110,8.022699,0.296755,0.435759,0.000000,1000,0.001000,Almost Exact,38.036,0.206898
111,8.022699,0.296755,0.435759,0.000000,30,0.033333,Euler,0.336,0.207678
112,8.022699,0.296755,0.435759,0.000000,30,0.033333,Almost Exact,1.691,0.204607
113,8.022699,0.296755,0.435759,0.300000,1000,0.001000,Euler,2.861,0.206587
114,8.022699,0.296755,0.435759,0.300000,1000,0.001000,Almost Exact,38.140,0.214363
115,8.022699,0.296755,0.435759,0.300000,30,0.033333,Euler,0.598,0.207440
116,8.022699,0.296755,0.435759,0.300000,30,0.033333,Almost Exact,1.657,0.192825
117,8.022699,0.296755,0.435759,0.700000,1000,0.001000,Euler,2.901,0.206899
118,8.022699,0.296755,0.435759,0.700000,1000,0.001000,Almost Exact,37.436,0.221817
119,8.022699,0.296755,0.435759,0.700000,30,0.033333,Euler,0.105,0.207458
120,8.022699,0.296755,0.435759,0.700000,30,0.033333,Almost Exact,1.513,0.181982
121,9.743335,0.491740,0.167306,-0.700000,1000,0.001000,Euler,3.227,0.259823
122,9.743335,0.491740,0.167306,-0.700000,1000,0.001000,Almost Exact,16.822,0.268840
123,9.743335,0.491740,0.167306,-0.700000,30,0.033333,Euler,0.235,0.267293
124,9.743335,0.491740,0.167306,-0.700000,30,0.033333,Almost Exact,0.732,0.493434
125,9.743335,0.491740,0.167306,-0.300000,1000,0.001000,Euler,3.231,0.261050
126,9.743335,0.491740,0.167306,-0.300000,1000,0.001000,Almost Exact,16.823,0.263684
127,9.743335,0.491740,0.167306,-0.300000,30,0.033333,Euler,0.237,0.263969
128,9.743335,0.491740,0.167306,-0.300000,30,0.033333,Almost Exact,0.734,0.341679
129,9.743335,0.491740,0.167306,0.000000,1000,0.001000,Euler,3.326,0.263124
130,9.743335,0.491740,0.167306,0.000000,1000,0.001000,Almost Exact,16.804,0.260612
131,9.743335,0.491740,0.167306,0.000000,30,0.033333,Euler,0.238,0.264952
132,9.743335,0.491740,0.167306,0.000000,30,0.033333,Almost Exact,0.734,0.260279
133,9.743335,0.491740,0.167306,0.300000,1000,0.001000,Euler,3.218,0.264505
134,9.743335,0.491740,0.167306,0.300000,1000,0.001000,Almost Exact,16.852,0.261359
135,9.743335,0.491740,0.167306,0.300000,30,0.033333,Euler,0.237,0.266360
136,9.743335,0.491740,0.167306,0.300000,30,0.033333,Almost Exact,0.731,0.195090
137,9.743335,0.491740,0.167306,0.700000,1000,0.001000,Euler,3.223,0.262854
138,9.743335,0.491740,0.167306,0.700000,1000,0.001000,Almost Exact,16.783,0.258203
139,9.743335,0.491740,0.167306,0.700000,30,0.033333,Euler,0.235,0.264159
140,9.743335,0.491740,0.167306,0.700000,30,0.033333,Almost Exact,0.736,0.125393
141,4.222315,0.097401,0.290219,-0.700000,1000,0.001000,Euler,3.227,0.122472
142,4.222315,0.097401,0.290219,-0.700000,1000,0.001000,Almost Exact,35.363,0.113169
143,4.222315,0.097401,0.290219,-0.700000,30,0.033333,Euler,0.245,0.123740
144,4.222315,0.097401,0.290219,-0.700000,30,0.033333,Almost Exact,1.667,0.121094
145,4.222315,0.097401,0.290219,-0.300000,1000,0.001000,Euler,3.274,0.123322
146,4.222315,0.097401,0.290219,-0.300000,1000,0.001000,Almost Exact,35.732,0.120942
147,4.222315,0.097401,0.290219,-0.300000,30,0.033333,Euler,0.240,0.123107
148,4.222315,0.097401,0.290219,-0.300000,30,0.033333,Almost Exact,1.715,0.121568
149,4.222315,0.097401,0.290219,0.000000,1000,0.001000,Euler,2.868,0.123731
150,4.222315,0.097401,0.290219,0.000000,1000,0.001000,Almost Exact,35.518,0.123789
151,4.222315,0.097401,0.290219,0.000000,30,0.033333,Euler,0.699,0.124202
152,4.222315,0.097401,0.290219,0.000000,30,0.033333,Almost Exact,1.950,0.124400
153,4.222315,0.097401,0.290219,0.300000,1000,0.001000,Euler,2.913,0.124425
154,4.222315,0.097401,0.290219,0.300000,1000,0.001000,Almost Exact,36.888,0.128843
155,4.222315,0.097401,0.290219,0.300000,30,0.033333,Euler,0.332,0.125008
156,4.222315,0.097401,0.290219,0.300000,30,0.033333,Almost Exact,1.528,0.124783
157,4.222315,0.097401,0.290219,0.700000,1000,0.001000,Euler,3.228,0.125483
158,4.222315,0.097401,0.290219,0.700000,1000,0.001000,Almost Exact,35.361,0.133189
159,4.222315,0.097401,0.290219,0.700000,30,0.033333,Euler,0.234,0.124787
160,4.222315,0.097401,0.290219,0.700000,30,0.033333,Almost Exact,1.665,0.124021
161,4.663298,0.237122,0.565252,-0.700000,1000,0.001000,Euler,3.268,0.175763
162,4.663298,0.237122,0.565252,-0.700000,1000,0.001000,Almost Exact,32.574,0.167332
163,4.663298,0.237122,0.565252,-0.700000,30,0.033333,Euler,0.507,0.176314
164,4.663298,0.237122,0.565252,-0.700000,30,0.033333,Almost Exact,1.372,0.186331
165,4.663298,0.237122,0.565252,-0.300000,1000,0.001000,Euler,2.901,0.178487
166,4.663298,0.237122,0.565252,-0.300000,1000,0.001000,Almost Exact,32.412,0.176917
167,4.663298,0.237122,0.565252,-0.300000,30,0.033333,Euler,0.275,0.178666
168,4.663298,0.237122,0.565252,-0.300000,30,0.033333,Almost Exact,1.372,0.178760
169,4.663298,0.237122,0.565252,0.000000,1000,0.001000,Euler,3.224,0.179716
170,4.663298,0.237122,0.565252,0.000000,1000,0.001000,Almost Exact,32.469,0.179342
171,4.663298,0.237122,0.565252,0.000000,30,0.033333,Euler,0.231,0.179845
172,4.663298,0.237122,0.565252,0.000000,30,0.033333,Almost Exact,1.290,0.178139
173,4.663298,0.237122,0.565252,0.300000,1000,0.001000,Euler,3.238,0.180933
174,4.663298,0.237122,0.565252,0.300000,1000,0.001000,Almost Exact,32.163,0.186471
175,4.663298,0.237122,0.565252,0.300000,30,0.033333,Euler,0.600,0.181920
176,4.663298,0.237122,0.565252,0.300000,30,0.033333,Almost Exact,1.282,0.177639
177,4.663298,0.237122,0.565252,0.700000,1000,0.001000,Euler,3.149,0.182900
178,4.663298,0.237122,0.565252,0.700000,1000,0.001000,Almost Exact,32.165,0.191061
179,4.663298,0.237122,0.565252,0.700000,30,0.033333,Euler,0.595,0.183263
180,4.663298,0.237122,0.565252,0.700000,30,0.033333,Almost Exact,1.393,0.174504
181,7.993975,0.274047,0.398589,-0.700000,1000,0.001000,Euler,2.864,0.197034
182,7.993975,0.274047,0.398589,-0.700000,1000,0.001000,Almost Exact,38.722,0.181623
183,7.993975,0.274047,0.398589,-0.700000,30,0.033333,Euler,0.276,0.197537
184,7.993975,0.274047,0.398589,-0.700000,30,0.033333,Almost Exact,1.636,0.222281
185,7.993975,0.274047,0.398589,-0.300000,1000,0.001000,Euler,3.214,0.197049
186,7.993975,0.274047,0.398589,-0.300000,1000,0.001000,Almost Exact,38.882,0.189733
187,7.993975,0.274047,0.398589,-0.300000,30,0.033333,Euler,0.344,0.196592
188,7.993975,0.274047,0.398589,-0.300000,30,0.033333,Almost Exact,1.661,0.207683
189,7.993975,0.274047,0.398589,0.000000,1000,0.001000,Euler,2.863,0.198002
190,7.993975,0.274047,0.398589,0.000000,1000,0.001000,Almost Exact,38.878,0.199024
191,7.993975,0.274047,0.398589,0.000000,30,0.033333,Euler,0.593,0.197359
192,7.993975,0.274047,0.398589,0.000000,30,0.033333,Almost Exact,1.646,0.196538
193,7.993975,0.274047,0.398589,0.300000,1000,0.001000,Euler,2.898,0.199320
194,7.993975,0.274047,0.398589,0.300000,1000,0.001000,Almost Exact,38.561,0.205515
195,7.993975,0.274047,0.398589,0.300000,30,0.033333,Euler,0.329,0.199573
196,7.993975,0.274047,0.398589,0.300000,30,0.033333,Almost Exact,1.412,0.185122
197,7.993975,0.274047,0.398589,0.700000,1000,0.001000,Euler,3.507,0.198866
198,7.993975,0.274047,0.398589,0.700000,1000,0.001000,Almost Exact,38.553,0.213437
199,7.993975,0.274047,0.398589,0.700000,30,0.033333,Euler,0.274,0.200619
200,7.993975,0.274047,0.398589,0.700000,30,0.033333,Almost Exact,1.634,0.173688
201,6.935214,0.138496,0.872438,-0.700000,1000,0.001000,Euler,3.247,0.140392
202,6.935214,0.138496,0.872438,-0.700000,1000,0.001000,Almost Exact,48.825,0.139263
203,6.935214,0.138496,0.872438,-0.700000,30,0.033333,Euler,0.700,0.140696
204,6.935214,0.138496,0.872438,-0.700000,30,0.033333,Almost Exact,1.052,0.140732
205,6.935214,0.138496,0.872438,-0.300000,1000,0.001000,Euler,2.919,0.141793
206,6.935214,0.138496,0.872438,-0.300000,1000,0.001000,Almost Exact,49.229,0.141057
207,6.935214,0.138496,0.872438,-0.300000,30,0.033333,Euler,0.375,0.142615
208,6.935214,0.138496,0.872438,-0.300000,30,0.033333,Almost Exact,0.766,0.143454
209,6.935214,0.138496,0.872438,0.000000,1000,0.001000,Euler,2.755,0.143335
210,6.935214,0.138496,0.872438,0.000000,1000,0.001000,Almost Exact,49.245,0.143260
211,6.935214,0.138496,0.872438,0.000000,30,0.033333,Euler,0.232,0.143961
212,6.935214,0.138496,0.872438,0.000000,30,0.033333,Almost Exact,0.655,0.142041
213,6.935214,0.138496,0.872438,0.300000,1000,0.001000,Euler,3.264,0.144694
214,6.935214,0.138496,0.872438,0.300000,1000,0.001000,Almost Exact,49.035,0.143558
215,6.935214,0.138496,0.872438,0.300000,30,0.033333,Euler,0.280,0.144699
216,6.935214,0.138496,0.872438,0.300000,30,0.033333,Almost Exact,0.797,0.143021
217,6.935214,0.138496,0.872438,0.700000,1000,0.001000,Euler,2.851,0.144101
218,6.935214,0.138496,0.872438,0.700000,1000,0.001000,Almost Exact,49.019,0.145579
219,6.935214,0.138496,0.872438,0.700000,30,0.033333,Euler,0.325,0.146037
220,6.935214,0.138496,0.872438,0.700000,30,0.033333,Almost Exact,0.650,0.141535
221,4.280277,0.369175,0.695586,-0.700000,1000,0.001000,Euler,3.152,0.211778
222,4.280277,0.369175,0.695586,-0.700000,1000,0.001000,Almost Exact,32.536,0.204290
223,4.280277,0.369175,0.695586,-0.700000,30,0.033333,Euler,0.334,0.213267
224,4.280277,0.369175,0.695586,-0.700000,30,0.033333,Almost Exact,1.207,0.219651
225,4.280277,0.369175,0.695586,-0.300000,1000,0.001000,Euler,3.202,0.217097
226,4.280277,0.369175,0.695586,-0.300000,1000,0.001000,Almost Exact,32.199,0.211405
227,4.280277,0.369175,0.695586,-0.300000,30,0.033333,Euler,0.600,0.216490
228,4.280277,0.369175,0.695586,-0.300000,30,0.033333,Almost Exact,1.624,0.220058
229,4.280277,0.369175,0.695586,0.000000,1000,0.001000,Euler,2.919,0.217353
230,4.280277,0.369175,0.695586,0.000000,1000,0.001000,Almost Exact,32.573,0.217064
231,4.280277,0.369175,0.695586,0.000000,30,0.033333,Euler,0.373,0.218509
232,4.280277,0.369175,0.695586,0.000000,30,0.033333,Almost Exact,1.412,0.215639
233,4.280277,0.369175,0.695586,0.300000,1000,0.001000,Euler,3.222,0.219695
234,4.280277,0.369175,0.695586,0.300000,1000,0.001000,Almost Exact,32.439,0.223658
235,4.280277,0.369175,0.695586,0.300000,30,0.033333,Euler,0.238,0.219668
236,4.280277,0.369175,0.695586,0.300000,30,0.033333,Almost Exact,1.270,0.212314
237,4.280277,0.369175,0.695586,0.700000,1000,0.001000,Euler,3.221,0.220239
238,4.280277,0.369175,0.695586,0.700000,1000,0.001000,Almost Exact,32.123,0.235164
239,4.280277,0.369175,0.695586,0.700000,30,0.033333,Euler,0.696,0.221305
240,4.280277,0.369175,0.695586,0.700000,30,0.033333,Almost Exact,1.682,0.205151
241,5.617115,0.457863,0.539858,-0.700000,1000,0.001000,Euler,2.915,0.242122
242,5.617115,0.457863,0.539858,-0.700000,1000,0.001000,Almost Exact,37.665,0.222283
243,5.617115,0.457863,0.539858,-0.700000,30,0.033333,Euler,0.239,0.245665
244,5.617115,0.457863,0.539858,-0.700000,30,0.033333,Almost Exact,1.482,0.267021
245,5.617115,0.457863,0.539858,-0.300000,1000,0.001000,Euler,3.219,0.244758
246,5.617115,0.457863,0.539858,-0.300000,1000,0.001000,Almost Exact,37.738,0.236581
247,5.617115,0.457863,0.539858,-0.300000,30,0.033333,Euler,0.593,0.248553
248,5.617115,0.457863,0.539858,-0.300000,30,0.033333,Almost Exact,1.649,0.256673
249,5.617115,0.457863,0.539858,0.000000,1000,0.001000,Euler,2.864,0.246955
250,5.617115,0.457863,0.539858,0.000000,1000,0.001000,Almost Exact,37.757,0.248225
251,5.617115,0.457863,0.539858,0.000000,30,0.033333,Euler,0.276,0.248521
252,5.617115,0.457863,0.539858,0.000000,30,0.033333,Almost Exact,1.626,0.244311
253,5.617115,0.457863,0.539858,0.300000,1000,0.001000,Euler,3.221,0.248062
254,5.617115,0.457863,0.539858,0.300000,1000,0.001000,Almost Exact,37.045,0.257351
255,5.617115,0.457863,0.539858,0.300000,30,0.033333,Euler,0.240,0.247031
256,5.617115,0.457863,0.539858,0.300000,30,0.033333,Almost Exact,1.482,0.233504
257,5.617115,0.457863,0.539858,0.700000,1000,0.001000,Euler,2.871,0.249924
258,5.617115,0.457863,0.539858,0.700000,1000,0.001000,Almost Exact,37.800,0.268183
259,5.617115,0.457863,0.539858,0.700000,30,0.033333,Euler,0.336,0.251128
260,5.617115,0.457863,0.539858,0.700000,30,0.033333,Almost Exact,1.628,0.218248
261,6.274883,0.237574,0.126905,-0.700000,1000,0.001000,Euler,2.858,0.183714
262,6.274883,0.237574,0.126905,-0.700000,1000,0.001000,Almost Exact,16.227,0.184984
263,6.274883,0.237574,0.126905,-0.700000,30,0.033333,Euler,0.243,0.184492
264,6.274883,0.237574,0.126905,-0.700000,30,0.033333,Almost Exact,0.733,0.233642
265,6.274883,0.237574,0.126905,-0.300000,1000,0.001000,Euler,2.774,0.183488
266,6.274883,0.237574,0.126905,-0.300000,1000,0.001000,Almost Exact,16.153,0.183940
267,6.274883,0.237574,0.126905,-0.300000,30,0.033333,Euler,0.239,0.183318
268,6.274883,0.237574,0.126905,-0.300000,30,0.033333,Almost Exact,0.733,0.204087
269,6.274883,0.237574,0.126905,0.000000,1000,0.001000,Euler,2.754,0.184211
270,6.274883,0.237574,0.126905,0.000000,1000,0.001000,Almost Exact,16.278,0.183568
271,6.274883,0.237574,0.126905,0.000000,30,0.033333,Euler,0.094,0.183605
272,6.274883,0.237574,0.126905,0.000000,30,0.033333,Almost Exact,0.732,0.182527
273,6.274883,0.237574,0.126905,0.300000,1000,0.001000,Euler,2.874,0.184512
274,6.274883,0.237574,0.126905,0.300000,1000,0.001000,Almost Exact,16.017,0.183154
275,6.274883,0.237574,0.126905,0.300000,30,0.033333,Euler,0.244,0.185180
276,6.274883,0.237574,0.126905,0.300000,30,0.033333,Almost Exact,0.737,0.162238
277,6.274883,0.237574,0.126905,0.700000,1000,0.001000,Euler,2.771,0.184933
278,6.274883,0.237574,0.126905,0.700000,1000,0.001000,Almost Exact,16.159,0.182243
279,6.274883,0.237574,0.126905,0.700000,30,0.033333,Euler,0.242,0.182894
280,6.274883,0.237574,0.126905,0.700000,30,0.033333,Almost Exact,0.732,0.139930
281,2.631355,0.412256,0.220577,-0.700000,1000,0.001000,Euler,2.772,0.215032
282,2.631355,0.412256,0.220577,-0.700000,1000,0.001000,Almost Exact,16.630,0.216230
283,2.631355,0.412256,0.220577,-0.700000,30,0.033333,Euler,0.243,0.215184
284,2.631355,0.412256,0.220577,-0.700000,30,0.033333,Almost Exact,0.876,0.237417
285,2.631355,0.412256,0.220577,-0.300000,1000,0.001000,Euler,2.771,0.215022
286,2.631355,0.412256,0.220577,-0.300000,1000,0.001000,Almost Exact,16.694,0.214219
287,2.631355,0.412256,0.220577,-0.300000,30,0.033333,Euler,0.245,0.216699
288,2.631355,0.412256,0.220577,-0.300000,30,0.033333,Almost Exact,0.872,0.223282
289,2.631355,0.412256,0.220577,0.000000,1000,0.001000,Euler,2.782,0.214960
290,2.631355,0.412256,0.220577,0.000000,1000,0.001000,Almost Exact,16.730,0.216272
291,2.631355,0.412256,0.220577,0.000000,30,0.033333,Euler,0.243,0.216498
292,2.631355,0.412256,0.220577,0.000000,30,0.033333,Almost Exact,0.877,0.214039
293,2.631355,0.412256,0.220577,0.300000,1000,0.001000,Euler,2.788,0.218565
294,2.631355,0.412256,0.220577,0.300000,1000,0.001000,Almost Exact,16.563,0.215893
295,2.631355,0.412256,0.220577,0.300000,30,0.033333,Euler,0.242,0.216862
296,2.631355,0.412256,0.220577,0.300000,30,0.033333,Almost Exact,0.875,0.204239
297,2.631355,0.412256,0.220577,0.700000,1000,0.001000,Euler,2.772,0.218043
298,2.631355,0.412256,0.220577,0.700000,1000,0.001000,Almost Exact,16.669,0.217110
299,2.631355,0.412256,0.220577,0.700000,30,0.033333,Euler,0.243,0.219481
300,2.631355,0.412256,0.220577,0.700000,30,0.033333,Almost Exact,0.869,0.191607
301,6.324709,0.399552,0.205406,-0.700000,1000,0.001000,Euler,2.766,0.231506
302,6.324709,0.399552,0.205406,-0.700000,1000,0.001000,Almost Exact,16.158,0.235203
303,6.324709,0.399552,0.205406,-0.700000,30,0.033333,Euler,0.242,0.234548
304,6.324709,0.399552,0.205406,-0.700000,30,0.033333,Almost Exact,0.729,0.305924
305,6.324709,0.399552,0.205406,-0.300000,1000,0.001000,Euler,2.772,0.231909
306,6.324709,0.399552,0.205406,-0.300000,1000,0.001000,Almost Exact,16.151,0.233602
307,6.324709,0.399552,0.205406,-0.300000,30,0.033333,Euler,0.243,0.234609
308,6.324709,0.399552,0.205406,-0.300000,30,0.033333,Almost Exact,0.735,0.261247
309,6.324709,0.399552,0.205406,0.000000,1000,0.001000,Euler,2.788,0.233026
310,6.324709,0.399552,0.205406,0.000000,1000,0.001000,Almost Exact,16.035,0.233364
311,6.324709,0.399552,0.205406,0.000000,30,0.033333,Euler,0.243,0.235531
312,6.324709,0.399552,0.205406,0.000000,30,0.033333,Almost Exact,0.733,0.231309
313,6.324709,0.399552,0.205406,0.300000,1000,0.001000,Euler,2.770,0.231901
314,6.324709,0.399552,0.205406,0.300000,1000,0.001000,Almost Exact,16.172,0.232627
315,6.324709,0.399552,0.205406,0.300000,30,0.033333,Euler,0.339,0.234174
316,6.324709,0.399552,0.205406,0.300000,30,0.033333,Almost Exact,0.731,0.204324
317,6.324709,0.399552,0.205406,0.700000,1000,0.001000,Euler,2.650,0.233801
318,6.324709,0.399552,0.205406,0.700000,1000,0.001000,Almost Exact,16.169,0.231085
319,6.324709,0.399552,0.205406,0.700000,30,0.033333,Euler,0.338,0.235756
320,6.324709,0.399552,0.205406,0.700000,30,0.033333,Almost Exact,0.733,0.171497
321,7.065071,0.113586,0.365938,-0.700000,1000,0.001000,Euler,2.631,0.131374
322,7.065071,0.113586,0.365938,-0.700000,1000,0.001000,Almost Exact,31.163,0.124457
323,7.065071,0.113586,0.365938,-0.700000,30,0.033333,Euler,0.244,0.131127
324,7.065071,0.113586,0.365938,-0.700000,30,0.033333,Almost Exact,1.334,0.131169
325,7.065071,0.113586,0.365938,-0.300000,1000,0.001000,Euler,2.859,0.132525
326,7.065071,0.113586,0.365938,-0.300000,1000,0.001000,Almost Exact,31.138,0.129091
327,7.065071,0.113586,0.365938,-0.300000,30,0.033333,Euler,0.238,0.131211
328,7.065071,0.113586,0.365938,-0.300000,30,0.033333,Almost Exact,1.338,0.131722
329,7.065071,0.113586,0.365938,0.000000,1000,0.001000,Euler,2.853,0.133417
330,7.065071,0.113586,0.365938,0.000000,1000,0.001000,Almost Exact,29.408,0.132288
331,7.065071,0.113586,0.365938,0.000000,30,0.033333,Euler,0.241,0.132847
332,7.065071,0.113586,0.365938,0.000000,30,0.033333,Almost Exact,1.333,0.132473
333,7.065071,0.113586,0.365938,0.300000,1000,0.001000,Euler,2.890,0.134038
334,7.065071,0.113586,0.365938,0.300000,1000,0.001000,Almost Exact,31.033,0.137310
335,7.065071,0.113586,0.365938,0.300000,30,0.033333,Euler,0.339,0.133194
336,7.065071,0.113586,0.365938,0.300000,30,0.033333,Almost Exact,1.338,0.131414
337,7.065071,0.113586,0.365938,0.700000,1000,0.001000,Euler,2.835,0.133321
338,7.065071,0.113586,0.365938,0.700000,1000,0.001000,Almost Exact,31.218,0.141945
339,7.065071,0.113586,0.365938,0.700000,30,0.033333,Euler,0.337,0.133540
340,7.065071,0.113586,0.365938,0.700000,30,0.033333,Almost Exact,1.341,0.130975
341,9.157476,0.339446,0.783101,-0.700000,1000,0.001000,Euler,2.856,0.215910
342,9.157476,0.339446,0.783101,-0.700000,1000,0.001000,Almost Exact,31.040,0.209320
343,9.157476,0.339446,0.783101,-0.700000,30,0.033333,Euler,0.233,0.218415
344,9.157476,0.339446,0.783101,-0.700000,30,0.033333,Almost Exact,0.860,0.239550
345,9.157476,0.339446,0.783101,-0.300000,1000,0.001000,Euler,2.757,0.218826
346,9.157476,0.339446,0.783101,-0.300000,1000,0.001000,Almost Exact,29.498,0.214741
347,9.157476,0.339446,0.783101,-0.300000,30,0.033333,Euler,0.241,0.219018
348,9.157476,0.339446,0.783101,-0.300000,30,0.033333,Almost Exact,0.865,0.226380
349,9.157476,0.339446,0.783101,0.000000,1000,0.001000,Euler,2.767,0.219286
350,9.157476,0.339446,0.783101,0.000000,1000,0.001000,Almost Exact,31.023,0.218768
351,9.157476,0.339446,0.783101,0.000000,30,0.033333,Euler,0.238,0.222979
352,9.157476,0.339446,0.783101,0.000000,30,0.033333,Almost Exact,0.866,0.218275
353,9.157476,0.339446,0.783101,0.300000,1000,0.001000,Euler,2.754,0.222091
354,9.157476,0.339446,0.783101,0.300000,1000,0.001000,Almost Exact,31.178,0.227016
355,9.157476,0.339446,0.783101,0.300000,30,0.033333,Euler,0.336,0.223567
356,9.157476,0.339446,0.783101,0.300000,30,0.033333,Almost Exact,0.866,0.211721
357,9.157476,0.339446,0.783101,0.700000,1000,0.001000,Euler,2.643,0.221901
358,9.157476,0.339446,0.783101,0.700000,1000,0.001000,Almost Exact,31.119,0.231244
359,9.157476,0.339446,0.783101,0.700000,30,0.033333,Euler,0.239,0.224684
360,9.157476,0.339446,0.783101,0.700000,30,0.033333,Almost Exact,0.864,0.198974
361,4.375243,0.240158,0.368085,-0.700000,1000,0.001000,Euler,2.786,0.178753
362,4.375243,0.240158,0.368085,-0.700000,1000,0.001000,Almost Exact,37.044,0.165609
363,4.375243,0.240158,0.368085,-0.700000,30,0.033333,Euler,0.241,0.178756
364,4.375243,0.240158,0.368085,-0.700000,30,0.033333,Almost Exact,1.478,0.186811
365,4.375243,0.240158,0.368085,-0.300000,1000,0.001000,Euler,2.904,0.180151
366,4.375243,0.240158,0.368085,-0.300000,1000,0.001000,Almost Exact,36.826,0.173724
367,4.375243,0.240158,0.368085,-0.300000,30,0.033333,Euler,0.093,0.180181
368,4.375243,0.240158,0.368085,-0.300000,30,0.033333,Almost Exact,1.479,0.183632
369,4.375243,0.240158,0.368085,0.000000,1000,0.001000,Euler,2.882,0.178961
370,4.375243,0.240158,0.368085,0.000000,1000,0.001000,Almost Exact,36.990,0.180615
371,4.375243,0.240158,0.368085,0.000000,30,0.033333,Euler,0.333,0.180368
372,4.375243,0.240158,0.368085,0.000000,30,0.033333,Almost Exact,1.473,0.180185
373,4.375243,0.240158,0.368085,0.300000,1000,0.001000,Euler,2.868,0.181445
374,4.375243,0.240158,0.368085,0.300000,1000,0.001000,Almost Exact,36.834,0.186847
375,4.375243,0.240158,0.368085,0.300000,30,0.033333,Euler,0.242,0.181556
376,4.375243,0.240158,0.368085,0.300000,30,0.033333,Almost Exact,1.475,0.174659
377,4.375243,0.240158,0.368085,0.700000,1000,0.001000,Euler,2.873,0.182509
378,4.375243,0.240158,0.368085,0.700000,1000,0.001000,Almost Exact,36.777,0.192716
379,4.375243,0.240158,0.368085,0.700000,30,0.033333,Euler,0.241,0.181744
380,4.375243,0.240158,0.368085,0.700000,30,0.033333,Almost Exact,1.481,0.168656
381,7.659727,0.088467,0.604098,-0.700000,1000,0.001000,Euler,2.892,0.116584
382,7.659727,0.088467,0.604098,-0.700000,1000,0.001000,Almost Exact,33.495,0.115959
383,7.659727,0.088467,0.604098,-0.700000,30,0.033333,Euler,0.094,0.116499
384,7.659727,0.088467,0.604098,-0.700000,30,0.033333,Almost Exact,0.691,0.115266
385,7.659727,0.088467,0.604098,-0.300000,1000,0.001000,Euler,2.657,0.118385
386,7.659727,0.088467,0.604098,-0.300000,1000,0.001000,Almost Exact,33.560,0.117325
387,7.659727,0.088467,0.604098,-0.300000,30,0.033333,Euler,0.100,0.117690
388,7.659727,0.088467,0.604098,-0.300000,30,0.033333,Almost Exact,0.695,0.117657
389,7.659727,0.088467,0.604098,0.000000,1000,0.001000,Euler,2.640,0.118927
390,7.659727,0.088467,0.604098,0.000000,1000,0.001000,Almost Exact,33.596,0.119140
391,7.659727,0.088467,0.604098,0.000000,30,0.033333,Euler,0.241,0.118545
392,7.659727,0.088467,0.604098,0.000000,30,0.033333,Almost Exact,0.732,0.117900
393,7.659727,0.088467,0.604098,0.300000,1000,0.001000,Euler,2.656,0.118927
394,7.659727,0.088467,0.604098,0.300000,1000,0.001000,Almost Exact,33.465,0.119585
395,7.659727,0.088467,0.604098,0.300000,30,0.033333,Euler,0.241,0.120067
396,7.659727,0.088467,0.604098,0.300000,30,0.033333,Almost Exact,0.722,0.120010
397,7.659727,0.088467,0.604098,0.700000,1000,0.001000,Euler,2.631,0.120104
398,7.659727,0.088467,0.604098,0.700000,1000,0.001000,Almost Exact,33.640,0.121146
399,7.659727,0.088467,0.604098,0.700000,30,0.033333,Euler,0.241,0.119132
400,7.659727,0.088467,0.604098,0.700000,30,0.033333,Almost Exact,0.723,0.120273
401,6.256544,0.295369,0.363807,-0.700000,1000,0.001000,Euler,2.641,0.201264
402,6.256544,0.295369,0.363807,-0.700000,1000,0.001000,Almost Exact,35.187,0.189656
403,6.256544,0.295369,0.363807,-0.700000,30,0.033333,Euler,0.320,0.200520
404,6.256544,0.295369,0.363807,-0.700000,30,0.033333,Almost Exact,1.184,0.223016
405,6.256544,0.295369,0.363807,-0.300000,1000,0.001000,Euler,2.780,0.201701
406,6.256544,0.295369,0.363807,-0.300000,1000,0.001000,Almost Exact,35.084,0.197546
407,6.256544,0.295369,0.363807,-0.300000,30,0.033333,Euler,0.323,0.204229
408,6.256544,0.295369,0.363807,-0.300000,30,0.033333,Almost Exact,1.082,0.210345
409,6.256544,0.295369,0.363807,0.000000,1000,0.001000,Euler,2.854,0.202447
410,6.256544,0.295369,0.363807,0.000000,1000,0.001000,Almost Exact,35.140,0.202464
411,6.256544,0.295369,0.363807,0.000000,30,0.033333,Euler,0.313,0.202332
412,6.256544,0.295369,0.363807,0.000000,30,0.033333,Almost Exact,1.182,0.201728
413,6.256544,0.295369,0.363807,0.300000,1000,0.001000,Euler,2.878,0.201986
414,6.256544,0.295369,0.363807,0.300000,1000,0.001000,Almost Exact,35.087,0.207318
415,6.256544,0.295369,0.363807,0.300000,30,0.033333,Euler,0.328,0.205108
416,6.256544,0.295369,0.363807,0.300000,30,0.033333,Almost Exact,0.941,0.190620
417,6.256544,0.295369,0.363807,0.700000,1000,0.001000,Euler,2.801,0.204456
418,6.256544,0.295369,0.363807,0.700000,1000,0.001000,Almost Exact,35.131,0.209200
419,6.256544,0.295369,0.363807,0.700000,30,0.033333,Euler,0.332,0.205539
420,6.256544,0.295369,0.363807,0.700000,30,0.033333,Almost Exact,0.949,0.178278
421,2.907985,0.078439,0.286412,-0.700000,1000,0.001000,Euler,2.660,0.113937
422,2.907985,0.078439,0.286412,-0.700000,1000,0.001000,Almost Exact,35.289,0.107133
423,2.907985,0.078439,0.286412,-0.700000,30,0.033333,Euler,0.351,0.113762
424,2.907985,0.078439,0.286412,-0.700000,30,0.033333,Almost Exact,1.408,0.111052
425,2.907985,0.078439,0.286412,-0.300000,1000,0.001000,Euler,2.856,0.114627
426,2.907985,0.078439,0.286412,-0.300000,1000,0.001000,Almost Exact,33.830,0.112891
427,2.907985,0.078439,0.286412,-0.300000,30,0.033333,Euler,0.339,0.114900
428,2.907985,0.078439,0.286412,-0.300000,30,0.033333,Almost Exact,1.495,0.113755
429,2.907985,0.078439,0.286412,0.000000,1000,0.001000,Euler,2.876,0.115205
430,2.907985,0.078439,0.286412,0.000000,1000,0.001000,Almost Exact,33.758,0.115855
431,2.907985,0.078439,0.286412,0.000000,30,0.033333,Euler,0.241,0.115120
432,2.907985,0.078439,0.286412,0.000000,30,0.033333,Almost Exact,1.489,0.115349
433,2.907985,0.078439,0.286412,0.300000,1000,0.001000,Euler,2.904,0.116066
434,2.907985,0.078439,0.286412,0.300000,1000,0.001000,Almost Exact,33.751,0.120266
435,2.907985,0.078439,0.286412,0.300000,30,0.033333,Euler,0.237,0.116899
436,2.907985,0.078439,0.286412,0.300000,30,0.033333,Almost Exact,1.494,0.115918
437,2.907985,0.078439,0.286412,0.700000,1000,0.001000,Euler,2.858,0.116745
438,2.907985,0.078439,0.286412,0.700000,1000,0.001000,Almost Exact,33.934,0.125733
439,2.907985,0.078439,0.286412,0.700000,30,0.033333,Euler,0.337,0.116856
440,2.907985,0.078439,0.286412,0.700000,30,0.033333,Almost Exact,1.493,0.117225
441,7.746424,0.384064,0.704406,-0.700000,1000,0.001000,Euler,2.878,0.229420
442,7.746424,0.384064,0.704406,-0.700000,1000,0.001000,Almost Exact,30.975,0.218838
443,7.746424,0.384064,0.704406,-0.700000,30,0.033333,Euler,0.241,0.229304
444,7.746424,0.384064,0.704406,-0.700000,30,0.033333,Almost Exact,1.161,0.248073
445,7.746424,0.384064,0.704406,-0.300000,1000,0.001000,Euler,2.870,0.230301
446,7.746424,0.384064,0.704406,-0.300000,1000,0.001000,Almost Exact,30.893,0.225124
447,7.746424,0.384064,0.704406,-0.300000,30,0.033333,Euler,0.095,0.228964
448,7.746424,0.384064,0.704406,-0.300000,30,0.033333,Almost Exact,1.167,0.238387
449,7.746424,0.384064,0.704406,0.000000,1000,0.001000,Euler,2.833,0.229626
450,7.746424,0.384064,0.704406,0.000000,1000,0.001000,Almost Exact,29.513,0.233197
451,7.746424,0.384064,0.704406,0.000000,30,0.033333,Euler,0.341,0.233980
452,7.746424,0.384064,0.704406,0.000000,30,0.033333,Almost Exact,1.167,0.229247
453,7.746424,0.384064,0.704406,0.300000,1000,0.001000,Euler,2.838,0.231313
454,7.746424,0.384064,0.704406,0.300000,1000,0.001000,Almost Exact,31.152,0.237393
455,7.746424,0.384064,0.704406,0.300000,30,0.033333,Euler,0.093,0.235234
456,7.746424,0.384064,0.704406,0.300000,30,0.033333,Almost Exact,1.167,0.220559
457,7.746424,0.384064,0.704406,0.700000,1000,0.001000,Euler,2.844,0.234510
458,7.746424,0.384064,0.704406,0.700000,1000,0.001000,Almost Exact,31.038,0.250828
459,7.746424,0.384064,0.704406,0.700000,30,0.033333,Euler,0.093,0.234774
460,7.746424,0.384064,0.704406,0.700000,30,0.033333,Almost Exact,1.155,0.208510
461,8.042375,0.052654,0.722997,-0.700000,1000,0.001000,Euler,2.851,0.093301
462,8.042375,0.052654,0.722997,-0.700000,1000,0.001000,Almost Exact,59.676,0.093482
463,8.042375,0.052654,0.722997,-0.700000,30,0.033333,Euler,0.097,0.094853
464,8.042375,0.052654,0.722997,-0.700000,30,0.033333,Almost Exact,0.534,0.089248
465,8.042375,0.052654,0.722997,-0.300000,1000,0.001000,Euler,2.852,0.094805
466,8.042375,0.052654,0.722997,-0.300000,1000,0.001000,Almost Exact,59.548,0.093898
467,8.042375,0.052654,0.722997,-0.300000,30,0.033333,Euler,0.238,0.095323
468,8.042375,0.052654,0.722997,-0.300000,30,0.033333,Almost Exact,0.529,0.093524
469,8.042375,0.052654,0.722997,0.000000,1000,0.001000,Euler,2.767,0.095323
470,8.042375,0.052654,0.722997,0.000000,1000,0.001000,Almost Exact,59.911,0.095083
471,8.042375,0.052654,0.722997,0.000000,30,0.033333,Euler,0.116,0.095947
472,8.042375,0.052654,0.722997,0.000000,30,0.033333,Almost Exact,0.533,0.095554
473,8.042375,0.052654,0.722997,0.300000,1000,0.001000,Euler,2.939,0.095776
474,8.042375,0.052654,0.722997,0.300000,1000,0.001000,Almost Exact,59.896,0.095888
475,8.042375,0.052654,0.722997,0.300000,30,0.033333,Euler,0.102,0.096492
476,8.042375,0.052654,0.722997,0.300000,30,0.033333,Almost Exact,0.526,0.097002
477,8.042375,0.052654,0.722997,0.700000,1000,0.001000,Euler,2.839,0.095140
478,8.042375,0.052654,0.722997,0.700000,1000,0.001000,Almost Exact,59.564,0.096388
479,8.042375,0.052654,0.722997,0.700000,30,0.033333,Euler,0.341,0.097650
480,8.042375,0.052654,0.722997,0.700000,30,0.033333,Almost Exact,0.531,0.098478
481,3.575107,0.177943,0.561835,-0.700000,1000,0.001000,Euler,2.720,0.151983
482,3.575107,0.177943,0.561835,-0.700000,1000,0.001000,Almost Exact,31.305,0.147935
483,3.575107,0.177943,0.561835,-0.700000,30,0.033333,Euler,0.241,0.151068
484,3.575107,0.177943,0.561835,-0.700000,30,0.033333,Almost Exact,1.110,0.152930
485,3.575107,0.177943,0.561835,-0.300000,1000,0.001000,Euler,2.773,0.154268
486,3.575107,0.177943,0.561835,-0.300000,1000,0.001000,Almost Exact,31.207,0.151882
487,3.575107,0.177943,0.561835,-0.300000,30,0.033333,Euler,0.238,0.153568
488,3.575107,0.177943,0.561835,-0.300000,30,0.033333,Almost Exact,1.111,0.154436
489,3.575107,0.177943,0.561835,0.000000,1000,0.001000,Euler,2.851,0.154604
490,3.575107,0.177943,0.561835,0.000000,1000,0.001000,Almost Exact,31.245,0.157822
491,3.575107,0.177943,0.561835,0.000000,30,0.033333,Euler,0.241,0.156030
492,3.575107,0.177943,0.561835,0.000000,30,0.033333,Almost Exact,1.114,0.153124
493,3.575107,0.177943,0.561835,0.300000,1000,0.001000,Euler,2.879,0.157434
494,3.575107,0.177943,0.561835,0.300000,1000,0.001000,Almost Exact,31.214,0.159810
495,3.575107,0.177943,0.561835,0.300000,30,0.033333,Euler,0.243,0.157397
496,3.575107,0.177943,0.561835,0.300000,30,0.033333,Almost Exact,1.114,0.154557
497,3.575107,0.177943,0.561835,0.700000,1000,0.001000,Euler,2.957,0.158457
498,3.575107,0.177943,0.561835,0.700000,1000,0.001000,Almost Exact,31.200,0.165528
499,3.575107,0.177943,0.561835,0.700000,30,0.033333,Euler,0.241,0.159303
500,3.575107,0.177943,0.561835,0.700000,30,0.033333,Almost Exact,1.106,0.151394
501,4.901455,0.486035,0.377339,-0.700000,1000,0.001000,Euler,2.787,0.248602
502,4.901455,0.486035,0.377339,-0.700000,1000,0.001000,Almost Exact,22.482,0.245902
503,4.901455,0.486035,0.377339,-0.700000,30,0.033333,Euler,0.333,0.248893
504,4.901455,0.486035,0.377339,-0.700000,30,0.033333,Almost Exact,1.050,0.284216
505,4.901455,0.486035,0.377339,-0.300000,1000,0.001000,Euler,2.653,0.250337
506,4.901455,0.486035,0.377339,-0.300000,1000,0.001000,Almost Exact,22.740,0.247533
507,4.901455,0.486035,0.377339,-0.300000,30,0.033333,Euler,0.340,0.251530
508,4.901455,0.486035,0.377339,-0.300000,30,0.033333,Almost Exact,0.808,0.262413
509,4.901455,0.486035,0.377339,0.000000,1000,0.001000,Euler,2.627,0.251649
510,4.901455,0.486035,0.377339,0.000000,1000,0.001000,Almost Exact,22.709,0.250600
511,4.901455,0.486035,0.377339,0.000000,30,0.033333,Euler,0.336,0.249524
512,4.901455,0.486035,0.377339,0.000000,30,0.033333,Almost Exact,0.912,0.248368
513,4.901455,0.486035,0.377339,0.300000,1000,0.001000,Euler,2.640,0.252019
514,4.901455,0.486035,0.377339,0.300000,1000,0.001000,Almost Exact,22.685,0.251945
515,4.901455,0.486035,0.377339,0.300000,30,0.033333,Euler,0.337,0.252923
516,4.901455,0.486035,0.377339,0.300000,30,0.033333,Almost Exact,0.946,0.233363
517,4.901455,0.486035,0.377339,0.700000,1000,0.001000,Euler,2.645,0.252276
518,4.901455,0.486035,0.377339,0.700000,1000,0.001000,Almost Exact,22.644,0.252359
519,4.901455,0.486035,0.377339,0.700000,30,0.033333,Euler,0.332,0.254760
520,4.901455,0.486035,0.377339,0.700000,30,0.033333,Almost Exact,0.805,0.212838
521,6.060921,0.340771,0.567599,-0.700000,1000,0.001000,Euler,2.618,0.212469
522,6.060921,0.340771,0.567599,-0.700000,1000,0.001000,Almost Exact,31.545,0.200300
523,6.060921,0.340771,0.567599,-0.700000,30,0.033333,Euler,0.094,0.213815
524,6.060921,0.340771,0.567599,-0.700000,30,0.033333,Almost Exact,1.396,0.228553
525,6.060921,0.340771,0.567599,-0.300000,1000,0.001000,Euler,2.875,0.214518
526,6.060921,0.340771,0.567599,-0.300000,1000,0.001000,Almost Exact,31.365,0.208850
527,6.060921,0.340771,0.567599,-0.300000,30,0.033333,Euler,0.099,0.216362
528,6.060921,0.340771,0.567599,-0.300000,30,0.033333,Almost Exact,1.393,0.220488
529,6.060921,0.340771,0.567599,0.000000,1000,0.001000,Euler,3.002,0.216594
530,6.060921,0.340771,0.567599,0.000000,1000,0.001000,Almost Exact,31.289,0.215570
531,6.060921,0.340771,0.567599,0.000000,30,0.033333,Euler,0.240,0.216653
532,6.060921,0.340771,0.567599,0.000000,30,0.033333,Almost Exact,1.400,0.212933
533,6.060921,0.340771,0.567599,0.300000,1000,0.001000,Euler,2.956,0.216091
534,6.060921,0.340771,0.567599,0.300000,1000,0.001000,Almost Exact,31.393,0.223170
535,6.060921,0.340771,0.567599,0.300000,30,0.033333,Euler,0.095,0.218250
536,6.060921,0.340771,0.567599,0.300000,30,0.033333,Almost Exact,1.394,0.208270
537,6.060921,0.340771,0.567599,0.700000,1000,0.001000,Euler,2.972,0.218066
538,6.060921,0.340771,0.567599,0.700000,1000,0.001000,Almost Exact,31.227,0.236876
539,6.060921,0.340771,0.567599,0.700000,30,0.033333,Euler,0.241,0.220295
540,6.060921,0.340771,0.567599,0.700000,30,0.033333,Almost Exact,1.392,0.197787
541,8.986237,0.299070,0.272704,-0.700000,1000,0.001000,Euler,2.864,0.206041
542,8.986237,0.299070,0.272704,-0.700000,1000,0.001000,Almost Exact,17.165,0.206434
543,8.986237,0.299070,0.272704,-0.700000,30,0.033333,Euler,0.336,0.206844
544,8.986237,0.299070,0.272704,-0.700000,30,0.033333,Almost Exact,0.882,0.257190
545,8.986237,0.299070,0.272704,-0.300000,1000,0.001000,Euler,2.623,0.205699
546,8.986237,0.299070,0.272704,-0.300000,1000,0.001000,Almost Exact,17.385,0.206935
547,8.986237,0.299070,0.272704,-0.300000,30,0.033333,Euler,0.333,0.208007
548,8.986237,0.299070,0.272704,-0.300000,30,0.033333,Almost Exact,0.887,0.226183
549,8.986237,0.299070,0.272704,0.000000,1000,0.001000,Euler,2.753,0.206897
550,8.986237,0.299070,0.272704,0.000000,1000,0.001000,Almost Exact,17.130,0.206208
551,8.986237,0.299070,0.272704,0.000000,30,0.033333,Euler,0.329,0.208348
552,8.986237,0.299070,0.272704,0.000000,30,0.033333,Almost Exact,0.993,0.206118
553,8.986237,0.299070,0.272704,0.300000,1000,0.001000,Euler,2.624,0.208325
554,8.986237,0.299070,0.272704,0.300000,1000,0.001000,Almost Exact,17.474,0.208516
555,8.986237,0.299070,0.272704,0.300000,30,0.033333,Euler,0.335,0.207581
556,8.986237,0.299070,0.272704,0.300000,30,0.033333,Almost Exact,0.876,0.186671
557,8.986237,0.299070,0.272704,0.700000,1000,0.001000,Euler,2.660,0.209191
558,8.986237,0.299070,0.272704,0.700000,1000,0.001000,Almost Exact,17.296,0.206754
559,8.986237,0.299070,0.272704,0.700000,30,0.033333,Euler,0.328,0.209822
560,8.986237,0.299070,0.272704,0.700000,30,0.033333,Almost Exact,0.980,0.161849
561,9.549286,0.394842,0.839566,-0.700000,1000,0.001000,Euler,2.631,0.233095
562,9.549286,0.394842,0.839566,-0.700000,1000,0.001000,Almost Exact,31.214,0.226272
563,9.549286,0.394842,0.839566,-0.700000,30,0.033333,Euler,0.337,0.235013
564,9.549286,0.394842,0.839566,-0.700000,30,0.033333,Almost Exact,0.858,0.256695
565,9.549286,0.394842,0.839566,-0.300000,1000,0.001000,Euler,2.656,0.235735
566,9.549286,0.394842,0.839566,-0.300000,1000,0.001000,Almost Exact,31.106,0.233534
567,9.549286,0.394842,0.839566,-0.300000,30,0.033333,Euler,0.093,0.236996
568,9.549286,0.394842,0.839566,-0.300000,30,0.033333,Almost Exact,0.910,0.244894
569,9.549286,0.394842,0.839566,0.000000,1000,0.001000,Euler,2.760,0.235185
570,9.549286,0.394842,0.839566,0.000000,1000,0.001000,Almost Exact,29.541,0.236772
571,9.549286,0.394842,0.839566,0.000000,30,0.033333,Euler,0.242,0.238942
572,9.549286,0.394842,0.839566,0.000000,30,0.033333,Almost Exact,0.910,0.234624
573,9.549286,0.394842,0.839566,0.300000,1000,0.001000,Euler,2.777,0.237720
574,9.549286,0.394842,0.839566,0.300000,1000,0.001000,Almost Exact,31.138,0.243318
575,9.549286,0.394842,0.839566,0.300000,30,0.033333,Euler,0.093,0.240087
576,9.549286,0.394842,0.839566,0.300000,30,0.033333,Almost Exact,0.855,0.224486
577,9.549286,0.394842,0.839566,0.700000,1000,0.001000,Euler,2.759,0.240216
578,9.549286,0.394842,0.839566,0.700000,1000,0.001000,Almost Exact,29.526,0.248311
579,9.549286,0.394842,0.839566,0.700000,30,0.033333,Euler,0.101,0.241167
580,9.549286,0.394842,0.839566,0.700000,30,0.033333,Almost Exact,0.904,0.213793
581,5.194359,0.209559,0.463713,-0.700000,1000,0.001000,Euler,2.871,0.169058
582,5.194359,0.209559,0.463713,-0.700000,1000,0.001000,Almost Exact,31.269,0.159042
583,5.194359,0.209559,0.463713,-0.700000,30,0.033333,Euler,0.243,0.169769
584,5.194359,0.209559,0.463713,-0.700000,30,0.033333,Almost Exact,1.389,0.176011
585,5.194359,0.209559,0.463713,-0.300000,1000,0.001000,Euler,2.857,0.169795
586,5.194359,0.209559,0.463713,-0.300000,1000,0.001000,Almost Exact,31.369,0.165768
587,5.194359,0.209559,0.463713,-0.300000,30,0.033333,Euler,0.244,0.170634
588,5.194359,0.209559,0.463713,-0.300000,30,0.033333,Almost Exact,1.384,0.172858
589,5.194359,0.209559,0.463713,0.000000,1000,0.001000,Euler,2.902,0.171963
590,5.194359,0.209559,0.463713,0.000000,1000,0.001000,Almost Exact,31.172,0.172322
591,5.194359,0.209559,0.463713,0.000000,30,0.033333,Euler,0.338,0.172512
592,5.194359,0.209559,0.463713,0.000000,30,0.033333,Almost Exact,1.389,0.169944
593,5.194359,0.209559,0.463713,0.300000,1000,0.001000,Euler,2.976,0.171736
594,5.194359,0.209559,0.463713,0.300000,1000,0.001000,Almost Exact,31.563,0.176852
595,5.194359,0.209559,0.463713,0.300000,30,0.033333,Euler,0.600,0.173144
596,5.194359,0.209559,0.463713,0.300000,30,0.033333,Almost Exact,1.806,0.167596
597,5.194359,0.209559,0.463713,0.700000,1000,0.001000,Euler,2.913,0.173327
598,5.194359,0.209559,0.463713,0.700000,1000,0.001000,Almost Exact,32.768,0.186016
599,5.194359,0.209559,0.463713,0.700000,30,0.033333,Euler,0.274,0.173990
600,5.194359,0.209559,0.463713,0.700000,30,0.033333,Almost Exact,1.529,0.163135
